Stock Reference;Links
25SKV003;https://skv.pl/en/Parts/25SKV003/?partGroup=Cable,%20parking%20brake
25SKV004;https://skv.pl/en/Parts/25SKV004/?partGroup=Cable,%20parking%20brake
25SKV013;https://skv.pl/en/Parts/25SKV013/?partGroup=Cable,%20parking%20brake
25SKV014;https://skv.pl/en/Parts/25SKV014/?partGroup=Cable,%20parking%20brake
25SKV023;https://skv.pl/en/Parts/25SKV023/?partGroup=Cable,%20parking%20brake
25SKV024;https://skv.pl/en/Parts/25SKV024/?partGroup=Cable,%20parking%20brake
25SKV033;https://skv.pl/en/Parts/25SKV033/?partGroup=Cable,%20parking%20brake
25SKV034;https://skv.pl/en/Parts/25SKV034/?partGroup=Cable,%20parking%20brake
25SKV043;https://skv.pl/en/Parts/25SKV043/?partGroup=Cable,%20parking%20brake
25SKV044;https://skv.pl/en/Parts/25SKV044/?partGroup=Cable,%20parking%20brake
25SKV056;https://skv.pl/en/Parts/25SKV056/?partGroup=Cable,%20parking%20brake
25SKV063;https://skv.pl/en/Parts/25SKV063/?partGroup=Cable,%20parking%20brake
25SKV064;https://skv.pl/en/Parts/25SKV064/?partGroup=Cable,%20parking%20brake
25SKV076;https://skv.pl/en/Parts/25SKV076/?partGroup=Cable,%20parking%20brake
25SKV083;https://skv.pl/en/Parts/25SKV083/?partGroup=Cable,%20parking%20brake
25SKV084;https://skv.pl/en/Parts/25SKV084/?partGroup=Cable,%20parking%20brake
25SKV096;https://skv.pl/en/Parts/25SKV096/?partGroup=Cable,%20parking%20brake
25SKV106;https://skv.pl/en/Parts/25SKV106/?partGroup=Cable,%20parking%20brake
25SKV115;https://skv.pl/en/Parts/25SKV115/?partGroup=Cable,%20parking%20brake
25SKV116;https://skv.pl/en/Parts/25SKV116/?partGroup=Cable,%20parking%20brake
25SKV125;https://skv.pl/en/Parts/25SKV125/?partGroup=Cable,%20parking%20brake
25SKV136;https://skv.pl/en/Parts/25SKV136/?partGroup=Cable,%20parking%20brake
25SKV146;https://skv.pl/en/Parts/25SKV146/?partGroup=Cable,%20parking%20brake
25SKV158;https://skv.pl/en/Parts/25SKV158/?partGroup=Cable,%20parking%20brake
25SKV168;https://skv.pl/en/Parts/25SKV168/?partGroup=Cable,%20parking%20brake
25SKV178;https://skv.pl/en/Parts/25SKV178/?partGroup=Cable,%20parking%20brake&page=2
25SKV188;https://skv.pl/en/Parts/25SKV188/?partGroup=Cable,%20parking%20brake&page=2
25SKV196;https://skv.pl/en/Parts/25SKV196/?partGroup=Cable,%20parking%20brake&page=2
25SKV203;https://skv.pl/en/Parts/25SKV203/?partGroup=Cable,%20parking%20brake&page=2
25SKV204;https://skv.pl/en/Parts/25SKV204/?partGroup=Cable,%20parking%20brake&page=2
25SKV213;https://skv.pl/en/Parts/25SKV213/?partGroup=Cable,%20parking%20brake&page=2
25SKV214;https://skv.pl/en/Parts/25SKV214/?partGroup=Cable,%20parking%20brake&page=2
25SKV223;https://skv.pl/en/Parts/25SKV223/?partGroup=Cable,%20parking%20brake&page=2
25SKV224;https://skv.pl/en/Parts/25SKV224/?partGroup=Cable,%20parking%20brake&page=2
25SKV236;https://skv.pl/en/Parts/25SKV236/?partGroup=Cable,%20parking%20brake&page=2
25SKV246;https://skv.pl/en/Parts/25SKV246/?partGroup=Cable,%20parking%20brake&page=2
25SKV256;https://skv.pl/en/Parts/25SKV256/?partGroup=Cable,%20parking%20brake&page=2
25SKV266;https://skv.pl/en/Parts/25SKV266/?partGroup=Cable,%20parking%20brake&page=2
25SKV273;https://skv.pl/en/Parts/25SKV273/?partGroup=Cable,%20parking%20brake&page=2
25SKV274;https://skv.pl/en/Parts/25SKV274/?partGroup=Cable,%20parking%20brake&page=2
25SKV283;https://skv.pl/en/Parts/25SKV283/?partGroup=Cable,%20parking%20brake&page=2
25SKV284;https://skv.pl/en/Parts/25SKV284/?partGroup=Cable,%20parking%20brake&page=2
25SKV294;https://skv.pl/en/Parts/25SKV294/?partGroup=Cable,%20parking%20brake&page=2
25SKV306;https://skv.pl/en/Parts/25SKV306/?partGroup=Cable,%20parking%20brake&page=2
25SKV313;https://skv.pl/en/Parts/25SKV313/?partGroup=Cable,%20parking%20brake&page=2
25SKV314;https://skv.pl/en/Parts/25SKV314/?partGroup=Cable,%20parking%20brake&page=2
25SKV326;https://skv.pl/en/Parts/25SKV326/?partGroup=Cable,%20parking%20brake&page=2
25SKV336;https://skv.pl/en/Parts/25SKV336/?partGroup=Cable,%20parking%20brake&page=2
25SKV346;https://skv.pl/en/Parts/25SKV346/?partGroup=Cable,%20parking%20brake&page=2
25SKV356;https://skv.pl/en/Parts/25SKV356/?partGroup=Cable,%20parking%20brake&page=2
25SKV366;https://skv.pl/en/Parts/25SKV366/?partGroup=Cable,%20parking%20brake&page=3
25SKV373;https://skv.pl/en/Parts/25SKV373/?partGroup=Cable,%20parking%20brake&page=3
25SKV374;https://skv.pl/en/Parts/25SKV374/?partGroup=Cable,%20parking%20brake&page=3
25SKV386;https://skv.pl/en/Parts/25SKV386/?partGroup=Cable,%20parking%20brake&page=3
25SKV396;https://skv.pl/en/Parts/25SKV396/?partGroup=Cable,%20parking%20brake&page=3
25SKV406;https://skv.pl/en/Parts/25SKV406/?partGroup=Cable,%20parking%20brake&page=3
25SKV416;https://skv.pl/en/Parts/25SKV416/?partGroup=Cable,%20parking%20brake&page=3
25SKV426;https://skv.pl/en/Parts/25SKV426/?partGroup=Cable,%20parking%20brake&page=3
25SKV436;https://skv.pl/en/Parts/25SKV436/?partGroup=Cable,%20parking%20brake&page=3
25SKV446;https://skv.pl/en/Parts/25SKV446/?partGroup=Cable,%20parking%20brake&page=3
25SKV456;https://skv.pl/en/Parts/25SKV456/?partGroup=Cable,%20parking%20brake&page=3
25SKV466;https://skv.pl/en/Parts/25SKV466/?partGroup=Cable,%20parking%20brake&page=3
25SKV476;https://skv.pl/en/Parts/25SKV476/?partGroup=Cable,%20parking%20brake&page=3
25SKV486;https://skv.pl/en/Parts/25SKV486/?partGroup=Cable,%20parking%20brake&page=3
25SKV496;https://skv.pl/en/Parts/25SKV496/?partGroup=Cable,%20parking%20brake&page=3
25SKV503;https://skv.pl/en/Parts/25SKV503/?partGroup=Cable,%20parking%20brake&page=3
25SKV504;https://skv.pl/en/Parts/25SKV504/?partGroup=Cable,%20parking%20brake&page=3
25SKV516;https://skv.pl/en/Parts/25SKV516/?partGroup=Cable,%20parking%20brake&page=3
25SKV526;https://skv.pl/en/Parts/25SKV526/?partGroup=Cable,%20parking%20brake&page=3
25SKV536;https://skv.pl/en/Parts/25SKV536/?partGroup=Cable,%20parking%20brake&page=3
25SKV546;https://skv.pl/en/Parts/25SKV546/?partGroup=Cable,%20parking%20brake&page=3
25SKV556;https://skv.pl/en/Parts/25SKV556/?partGroup=Cable,%20parking%20brake&page=3
25SKV566;https://skv.pl/en/Parts/25SKV566/?partGroup=Cable,%20parking%20brake&page=3
25SKV576;https://skv.pl/en/Parts/25SKV576/?partGroup=Cable,%20parking%20brake&page=3
25SKV586;https://skv.pl/en/Parts/25SKV586/?partGroup=Cable,%20parking%20brake&page=3
25SKV596;https://skv.pl/en/Parts/25SKV596/?partGroup=Cable,%20parking%20brake&page=4
25SKV606;https://skv.pl/en/Parts/25SKV606/?partGroup=Cable,%20parking%20brake&page=4
25SKV616;https://skv.pl/en/Parts/25SKV616/?partGroup=Cable,%20parking%20brake&page=4
25SKV626;https://skv.pl/en/Parts/25SKV626/?partGroup=Cable,%20parking%20brake&page=4
25SKV635;https://skv.pl/en/Parts/25SKV635/?partGroup=Cable,%20parking%20brake&page=4
25SKV646;https://skv.pl/en/Parts/25SKV646/?partGroup=Cable,%20parking%20brake&page=4
25SKV656;https://skv.pl/en/Parts/25SKV656/?partGroup=Cable,%20parking%20brake&page=4
25SKV666;https://skv.pl/en/Parts/25SKV666/?partGroup=Cable,%20parking%20brake&page=4
25SKV676;https://skv.pl/en/Parts/25SKV676/?partGroup=Cable,%20parking%20brake&page=4
25SKV686;https://skv.pl/en/Parts/25SKV686/?partGroup=Cable,%20parking%20brake&page=4
25SKV696;https://skv.pl/en/Parts/25SKV696/?partGroup=Cable,%20parking%20brake&page=4
25SKV706;https://skv.pl/en/Parts/25SKV706/?partGroup=Cable,%20parking%20brake&page=4
25SKV716;https://skv.pl/en/Parts/25SKV716/?partGroup=Cable,%20parking%20brake&page=4
25SKV726;https://skv.pl/en/Parts/25SKV726/?partGroup=Cable,%20parking%20brake&page=4
25SKV736;https://skv.pl/en/Parts/25SKV736/?partGroup=Cable,%20parking%20brake&page=4
25SKV746;https://skv.pl/en/Parts/25SKV746/?partGroup=Cable,%20parking%20brake&page=4
25SKV753;https://skv.pl/en/Parts/25SKV753/?partGroup=Cable,%20parking%20brake&page=4
25SKV754;https://skv.pl/en/Parts/25SKV754/?partGroup=Cable,%20parking%20brake&page=4
25SKV766;https://skv.pl/en/Parts/25SKV766/?partGroup=Cable,%20parking%20brake&page=4
25SKV776;https://skv.pl/en/Parts/25SKV776/?partGroup=Cable,%20parking%20brake&page=4
25SKV786;https://skv.pl/en/Parts/25SKV786/?partGroup=Cable,%20parking%20brake&page=4
25SKV793;https://skv.pl/en/Parts/25SKV793/?partGroup=Cable,%20parking%20brake&page=4
25SKV794;https://skv.pl/en/Parts/25SKV794/?partGroup=Cable,%20parking%20brake&page=4
25SKV806;https://skv.pl/en/Parts/25SKV806/?partGroup=Cable,%20parking%20brake&page=4
25SKV816;https://skv.pl/en/Parts/25SKV816/?partGroup=Cable,%20parking%20brake&page=4
25SKV826;https://skv.pl/en/Parts/25SKV826/?partGroup=Cable,%20parking%20brake&page=5
25SKV836;https://skv.pl/en/Parts/25SKV836/?partGroup=Cable,%20parking%20brake&page=5
25SKV846;https://skv.pl/en/Parts/25SKV846/?partGroup=Cable,%20parking%20brake&page=5
25SKV856;https://skv.pl/en/Parts/25SKV856/?partGroup=Cable,%20parking%20brake&page=5
25SKV863;https://skv.pl/en/Parts/25SKV863/?partGroup=Cable,%20parking%20brake&page=5
25SKV864;https://skv.pl/en/Parts/25SKV864/?partGroup=Cable,%20parking%20brake&page=5
25SKV873;https://skv.pl/en/Parts/25SKV873/?partGroup=Cable,%20parking%20brake&page=5
25SKV874;https://skv.pl/en/Parts/25SKV874/?partGroup=Cable,%20parking%20brake&page=5
25SKV886;https://skv.pl/en/Parts/25SKV886/?partGroup=Cable,%20parking%20brake&page=5
25SKV896;https://skv.pl/en/Parts/25SKV896/?partGroup=Cable,%20parking%20brake&page=5
25SKV906;https://skv.pl/en/Parts/25SKV906/?partGroup=Cable,%20parking%20brake&page=5
25SKV916;https://skv.pl/en/Parts/25SKV916/?partGroup=Cable,%20parking%20brake&page=5
25SKV926;https://skv.pl/en/Parts/25SKV926/?partGroup=Cable,%20parking%20brake&page=5
25SKV936;https://skv.pl/en/Parts/25SKV936/?partGroup=Cable,%20parking%20brake&page=5
25SKV946;https://skv.pl/en/Parts/25SKV946/?partGroup=Cable,%20parking%20brake&page=5
25SKV956;https://skv.pl/en/Parts/25SKV956/?partGroup=Cable,%20parking%20brake&page=5
25SKV966;https://skv.pl/en/Parts/25SKV966/?partGroup=Cable,%20parking%20brake&page=5
25SKV976;https://skv.pl/en/Parts/25SKV976/?partGroup=Cable,%20parking%20brake&page=5
25SKV983;https://skv.pl/en/Parts/25SKV983/?partGroup=Cable,%20parking%20brake&page=5
25SKV984;https://skv.pl/en/Parts/25SKV984/?partGroup=Cable,%20parking%20brake&page=5
25SKV995;https://skv.pl/en/Parts/25SKV995/?partGroup=Cable,%20parking%20brake&page=5
26SKV003;https://skv.pl/en/Parts/26SKV003/?partGroup=Cable,%20parking%20brake&page=5
26SKV004;https://skv.pl/en/Parts/26SKV004/?partGroup=Cable,%20parking%20brake&page=5
26SKV013;https://skv.pl/en/Parts/26SKV013/?partGroup=Cable,%20parking%20brake&page=5
26SKV026;https://skv.pl/en/Parts/26SKV026/?partGroup=Cable,%20parking%20brake&page=5
26SKV036;https://skv.pl/en/Parts/26SKV036/?partGroup=Cable,%20parking%20brake&page=6
26SKV046;https://skv.pl/en/Parts/26SKV046/?partGroup=Cable,%20parking%20brake&page=6
26SKV056;https://skv.pl/en/Parts/26SKV056/?partGroup=Cable,%20parking%20brake&page=6
26SKV066;https://skv.pl/en/Parts/26SKV066/?partGroup=Cable,%20parking%20brake&page=6
26SKV076;https://skv.pl/en/Parts/26SKV076/?partGroup=Cable,%20parking%20brake&page=6
26SKV086;https://skv.pl/en/Parts/26SKV086/?partGroup=Cable,%20parking%20brake&page=6
26SKV096;https://skv.pl/en/Parts/26SKV096/?partGroup=Cable,%20parking%20brake&page=6
26SKV106;https://skv.pl/en/Parts/26SKV106/?partGroup=Cable,%20parking%20brake&page=6
26SKV113;https://skv.pl/en/Parts/26SKV113/?partGroup=Cable,%20parking%20brake&page=6
26SKV114;https://skv.pl/en/Parts/26SKV114/?partGroup=Cable,%20parking%20brake&page=6
26SKV126;https://skv.pl/en/Parts/26SKV126/?partGroup=Cable,%20parking%20brake&page=6
26SKV136;https://skv.pl/en/Parts/26SKV136/?partGroup=Cable,%20parking%20brake&page=6
26SKV146;https://skv.pl/en/Parts/26SKV146/?partGroup=Cable,%20parking%20brake&page=6
26SKV156;https://skv.pl/en/Parts/26SKV156/?partGroup=Cable,%20parking%20brake&page=6
26SKV166;https://skv.pl/en/Parts/26SKV166/?partGroup=Cable,%20parking%20brake&page=6
26SKV173;https://skv.pl/en/Parts/26SKV173/?partGroup=Cable,%20parking%20brake&page=6
26SKV174;https://skv.pl/en/Parts/26SKV174/?partGroup=Cable,%20parking%20brake&page=6
26SKV186;https://skv.pl/en/Parts/26SKV186/?partGroup=Cable,%20parking%20brake&page=6
26SKV193;https://skv.pl/en/Parts/26SKV193/?partGroup=Cable,%20parking%20brake&page=6
26SKV194;https://skv.pl/en/Parts/26SKV194/?partGroup=Cable,%20parking%20brake&page=6
26SKV206;https://skv.pl/en/Parts/26SKV206/?partGroup=Cable,%20parking%20brake&page=6
26SKV213;https://skv.pl/en/Parts/26SKV213/?partGroup=Cable,%20parking%20brake&page=6
26SKV214;https://skv.pl/en/Parts/26SKV214/?partGroup=Cable,%20parking%20brake&page=6
26SKV223;https://skv.pl/en/Parts/26SKV223/?partGroup=Cable,%20parking%20brake&page=6
26SKV224;https://skv.pl/en/Parts/26SKV224/?partGroup=Cable,%20parking%20brake&page=6
26SKV233;https://skv.pl/en/Parts/26SKV233/?partGroup=Cable,%20parking%20brake&page=7
26SKV234;https://skv.pl/en/Parts/26SKV234/?partGroup=Cable,%20parking%20brake&page=7
26SKV245;https://skv.pl/en/Parts/26SKV245/?partGroup=Cable,%20parking%20brake&page=7
26SKV259;https://skv.pl/en/Parts/26SKV259/?partGroup=Cable,%20parking%20brake&page=7
26SKV269;https://skv.pl/en/Parts/26SKV269/?partGroup=Cable,%20parking%20brake&page=7
26SKV273;https://skv.pl/en/Parts/26SKV273/?partGroup=Cable,%20parking%20brake&page=7
26SKV274;https://skv.pl/en/Parts/26SKV274/?partGroup=Cable,%20parking%20brake&page=7
26SKV283;https://skv.pl/en/Parts/26SKV283/?partGroup=Cable,%20parking%20brake&page=7
26SKV284;https://skv.pl/en/Parts/26SKV284/?partGroup=Cable,%20parking%20brake&page=7
26SKV296;https://skv.pl/en/Parts/26SKV296/?partGroup=Cable,%20parking%20brake&page=7
26SKV303;https://skv.pl/en/Parts/26SKV303/?partGroup=Cable,%20parking%20brake&page=7
26SKV304;https://skv.pl/en/Parts/26SKV304/?partGroup=Cable,%20parking%20brake&page=7
26SKV313;https://skv.pl/en/Parts/26SKV313/?partGroup=Cable,%20parking%20brake&page=7
26SKV314;https://skv.pl/en/Parts/26SKV314/?partGroup=Cable,%20parking%20brake&page=7
26SKV323;https://skv.pl/en/Parts/26SKV323/?partGroup=Cable,%20parking%20brake&page=7
26SKV324;https://skv.pl/en/Parts/26SKV324/?partGroup=Cable,%20parking%20brake&page=7
26SKV336;https://skv.pl/en/Parts/26SKV336/?partGroup=Cable,%20parking%20brake&page=7
26SKV343;https://skv.pl/en/Parts/26SKV343/?partGroup=Cable,%20parking%20brake&page=7
26SKV344;https://skv.pl/en/Parts/26SKV344/?partGroup=Cable,%20parking%20brake&page=7
26SKV356;https://skv.pl/en/Parts/26SKV356/?partGroup=Cable,%20parking%20brake&page=7
26SKV366;https://skv.pl/en/Parts/26SKV366/?partGroup=Cable,%20parking%20brake&page=7
26SKV373;https://skv.pl/en/Parts/26SKV373/?partGroup=Cable,%20parking%20brake&page=7
26SKV374;https://skv.pl/en/Parts/26SKV374/?partGroup=Cable,%20parking%20brake&page=7
26SKV386;https://skv.pl/en/Parts/26SKV386/?partGroup=Cable,%20parking%20brake&page=7
26SKV393;https://skv.pl/en/Parts/26SKV393/?partGroup=Cable,%20parking%20brake&page=7
